{"cameraMode":{"drawMode":0,"name":"Shaded","section":"Shading Mode"},"sceneLighting":true,"audioPlay":false,"sceneViewState":{"m_AlwaysRefresh":false,"showFog":true,"showSkybox":true,"showFlares":true,"showImageEffects":true,"showParticleSystems":true,"showVisualEffectGraphs":true,"m_FxEnabled":true},"in2DMode":false,"pivot":{"x":4.075064659118652,"y":1.834128975868225,"z":93.84156036376953},"rotation":{"x":-0.007097927387803793,"y":-0.41705670952796938,"z":0.0032559845130890609,"w":-0.9088495969772339},"size":7.3464274406433109,"orthographic":false}